Year-Month,Sales_CO,Sales_NM,Sales_NY,Sales_TX
2019-09,,,,6
2019-11,,,,5
2019-12,,,,4
2020-02,,,,1
2020-03,,,644.0,4
2020-04,35.0,,293.0,24
2020-05,103.0,31.0,466.0,57
2020-06,229.0,46.0,6547.0,80
2020-07,1500.0,108.0,5832.0,239
2020-08,3004.0,406.0,6758.0,459
2020-09,2427.0,243.0,17128.0,520
2020-10,2210.0,437.0,6005.0,664
2020-11,3889.0,155.0,11514.0,534
2020-12,3681.0,313.0,16809.0,855
2021-01,4581.0,544.0,8691.0,244
2021-02,4938.0,596.0,9180.0,542
2021-03,3962.0,564.0,20754.0,849
2021-04,4800.0,582.0,3423.0,1071
2021-05,3830.0,236.0,14433.0,715
2021-06,3335.0,225.0,27283.0,798
2021-07,5202.0,754.0,9338.0,1682
2021-08,7582.0,484.0,14981.0,1375
2021-09,5017.0,260.0,19102.0,1313
2021-10,7896.0,1100.0,8868.0,1935
2021-11,9043.0,673.0,19968.0,1544
2021-12,7391.0,734.0,16995.0,2350
2022-01,10950.0,1175.0,6887.0,1524
2022-02,10073.0,832.0,17221.0,1436
2022-03,10268.0,723.0,18430.0,2189
2022-04,8820.0,1125.0,6626.0,2899
2022-05,9284.0,645.0,23638.0,2267
2022-06,5910.0,884.0,23973.0,3905
2022-07,8883.0,1178.0,13187.0,10306
2022-08,13434.0,747.0,28042.0,7421
2022-09,10018.0,877.0,31662.0,9443
2022-10,12289.0,769.0,24119.0,11449
2022-11,13834.0,1044.0,28700.0,9899
2022-12,12151.0,1126.0,38691.0,16587
2023-01,15461.0,1943.0,21487.0,23209
2023-02,18737.0,1458.0,31279.0,25345
2023-03,18687.0,1994.0,33520.0,40350
2023-04,17203.0,1675.0,32753.0,45575
2023-05,16851.0,1823.0,42390.0,38038
2023-06,13383.0,1858.0,45232.0,43917
2023-07,17562.0,2403.0,34076.0,57378
2023-08,19669.0,2566.0,35807.0,58076
2023-09,20506.0,2674.0,40003.0,57075
2023-10,23181.0,2028.0,31639.0,55843
2023-11,25968.0,2060.0,36289.0,43095
2023-12,22148.0,1601.0,77653.0,59135
2024-01,39469.0,1924.0,34349.0,85753
2024-02,33333.0,1709.0,36218.0,66594
2024-03,25578.0,1928.0,53509.0,83255
2024-04,24332.0,2149.0,32747.0,94432
2024-05,24781.0,550.0,56013.0,69661
2024-06,19207.0,3192.0,54695.0,91147
2024-07,23122.0,2579.0,40254.0,98286
2024-08,23301.0,1911.0,41178.0,90291
2024-09,24540.0,2474.0,38250.0,90109
2024-10,27027.0,1006.0,56676.0,73055
2024-11,30465.0,1249.0,62207.0,66197
2024-12,34445.0,975.0,48739.0,84468
2025-01,36802.0,2636.0,31933.0,122568
2025-02,37333.0,1021.0,28932.0,82038
2025-03,32853.0,942.0,39356.0,104017
2025-04,28185.0,1586.0,25549.0,103785
2025-05,24688.0,1200.0,28690.0,73827
2025-06,20895.0,981.0,28406.0,86441
